dteday,cnt,temp,hum,windspeed,weathersit,season,yr,mnth
2011-01-01,985,0.3441666666666667,0.8058333333333333,0.16044583333333332,1.5833333333333333,1,0,1
2011-01-02,801,0.3634782608695652,0.696086956521739,0.24853913043478262,1.9565217391304348,1,0,1
2011-01-03,1349,0.19636363636363638,0.43727272727272726,0.2483090909090909,1.0,1,0,1
2011-01-04,1562,0.19999999999999998,0.5904347826086956,0.16029565217391303,1.0434782608695652,1,0,1
2011-01-05,1600,0.22695652173913042,0.43695652173913047,0.1869,1.0,1,0,1
2011-01-06,1606,0.20434782608695654,0.5182608695652174,0.08956521739130435,1.3478260869565217,1,0,1
2011-01-07,1510,0.1965217391304348,0.498695652173913,0.16872608695652175,1.6956521739130435,1,0,1
2011-01-08,959,0.165,0.5358333333333333,0.2668041666666667,1.7083333333333333,1,0,1
2011-01-09,822,0.13833333333333334,0.43416666666666665,0.36195,1.0,1,0,1
2011-01-10,1321,0.15083333333333335,0.48291666666666666,0.2232666666666667,1.3333333333333333,1,0,1
2011-01-11,1263,0.1690909090909091,0.6863636363636364,0.12213181818181819,2.1818181818181817,1,0,1
2011-01-12,1162,0.17272727272727273,0.5995454545454545,0.30462727272727275,1.0909090909090908,1,0,1
2011-01-13,1406,0.165,0.47041666666666665,0.301,1.0833333333333333,1,0,1
2011-01-14,1421,0.16086956521739132,0.5378260869565217,0.12654782608695653,1.0869565217391304,1,0,1
2011-01-15,1248,0.2333333333333333,0.49875,0.1579625,1.5,1,0,1
2011-01-16,1204,0.2316666666666667,0.48374999999999996,0.18843333333333334,1.2083333333333333,1,0,1
2011-01-17,1000,0.1758333333333333,0.5375,0.19401666666666664,2.1666666666666665,1,0,1
2011-01-18,683,0.21666666666666667,0.8616666666666667,0.14677500000000002,2.0,1,0,1
2011-01-19,1650,0.29217391304347823,0.7417391304347826,0.20831739130434782,1.6521739130434783,1,0,1
2011-01-20,1927,0.26166666666666666,0.5383333333333333,0.19590416666666666,1.5416666666666667,1,0,1
2011-01-21,1543,0.1775,0.45708333333333334,0.3532416666666667,1.2916666666666667,1,0,1
2011-01-22,981,0.0591304347826087,0.39999999999999997,0.1719695652173913,1.3478260869565217,1,0,1
2011-01-23,986,0.0965217391304348,0.43652173913043474,0.2466,1.0869565217391304,1,0,1
2011-01-24,1416,0.0973913043478261,0.4917391304347826,0.1583304347826087,1.2173913043478262,1,0,1
2011-01-25,1985,0.2234782608695652,0.6169565217391304,0.12979565217391303,1.608695652173913,1,0,1
2011-01-26,506,0.2175,0.8625,0.29385,2.9375,1,0,1
2011-01-27,431,0.195,0.6875,0.11383750000000001,1.0,1,0,1
2011-01-28,1167,0.2034782608695652,0.7930434782608696,0.1233,2.0434782608695654,1,0,1
2011-01-29,1098,0.19652173913043477,0.6517391304347826,0.14536521739130434,1.2608695652173914,1,0,1
2011-01-30,1096,0.2165217391304348,0.7221739130434782,0.07398260869565218,1.3043478260869565,1,0,1
2011-01-31,1501,0.18083333333333332,0.60375,0.18719166666666667,1.7916666666666667,1,0,1
2011-02-01,1360,0.19217391304347825,0.8295652173913044,0.05321304347826087,2.217391304347826,1,0,2
2011-02-02,1526,0.26,0.7754166666666666,0.2643083333333333,1.9166666666666667,1,0,2
2011-02-03,1550,0.18695652173913044,0.43782608695652175,0.27775217391304347,1.0,1,0,2
2011-02-04,1708,0.21130434782608698,0.5852173913043479,0.12783913043478262,1.8695652173913044,1,0,2
2011-02-05,1005,0.2333333333333333,0.9291666666666667,0.16107916666666666,2.375,1,0,2
2011-02-06,1623,0.28583333333333333,0.5683333333333334,0.1418,1.0,1,0,2
2011-02-07,1712,0.27166666666666667,0.7383333333333333,0.045408333333333335,1.4583333333333333,1,0,2
2011-02-08,1530,0.22083333333333333,0.5379166666666667,0.36195,1.25,1,0,2
2011-02-09,1605,0.13478260869565217,0.4947826086956522,0.18883913043478262,1.6521739130434783,1,0,2
2011-02-10,1538,0.14434782608695654,0.4373913043478261,0.22193478260869565,1.391304347826087,1,0,2
2011-02-11,1746,0.1890909090909091,0.5063636363636363,0.10855000000000001,1.0,1,0,2
2011-02-12,1472,0.2225,0.5441666666666667,0.20336666666666667,1.0,1,0,2
2011-02-13,1589,0.3165217391304348,0.45739130434782604,0.26088260869565216,1.434782608695652,1,0,2
2011-02-14,1913,0.41500000000000004,0.3758333333333333,0.4179083333333333,1.0,1,0,2
2011-02-15,1815,0.26608695652173914,0.31434782608695655,0.29137391304347826,1.0434782608695652,1,0,2
2011-02-16,2115,0.31826086956521743,0.42347826086956525,0.2517913043478261,1.1304347826086956,1,0,2
2011-02-17,2475,0.43583333333333335,0.505,0.23010416666666667,1.2083333333333333,1,0,2
2011-02-18,2927,0.5216666666666666,0.5166666666666667,0.264925,1.25,1,0,2
2011-02-19,1635,0.39916666666666667,0.18791666666666665,0.5074625,1.0,1,0,2
2011-02-20,1812,0.28521739130434787,0.40782608695652167,0.22323478260869567,1.3478260869565217,1,0,2
2011-02-21,1107,0.30333333333333334,0.605,0.3078458333333333,2.2083333333333335,1,0,2
2011-02-22,1450,0.18222222222222223,0.5777777777777778,0.19568333333333332,1.2222222222222223,1,0,2
2011-02-23,1917,0.2217391304347826,0.4230434782608696,0.09411304347826087,1.0,1,0,2
2011-02-24,1807,0.2956521739130435,0.697391304347826,0.25049565217391306,1.8695652173913044,1,0,2
2011-02-25,1461,0.36434782608695654,0.7121739130434782,0.34653913043478257,1.9565217391304348,1,0,2
2011-02-26,1969,0.28250000000000003,0.5379166666666667,0.18657083333333335,1.375,1,0,2
2011-02-27,2402,0.34347826086956523,0.68,0.12524782608695653,1.0869565217391304,1,0,2
2011-02-28,1446,0.4072727272727273,0.8763636363636365,0.28968636363636363,2.4545454545454546,1,0,2
2011-03-01,1851,0.26666666666666666,0.535,0.216425,1.0,1,0,3
2011-03-02,2134,0.335,0.4495833333333333,0.30783333333333335,1.0,1,0,3
2011-03-03,1685,0.19833333333333333,0.3183333333333333,0.22575416666666667,1.0416666666666667,1,0,3
2011-03-04,1944,0.26166666666666666,0.6104166666666667,0.20334583333333334,1.5,1,0,3
2011-03-05,2077,0.3841666666666667,0.7891666666666667,0.2518708333333333,2.0,1,0,3
2011-03-06,605,0.3765217391304348,0.9482608695652174,0.34328695652173913,2.391304347826087,1,0,3
2011-03-07,1872,0.26173913043478264,0.551304347826087,0.34135217391304346,1.173913043478261,1,0,3
2011-03-08,2133,0.2925,0.42083333333333334,0.12065,1.25,1,0,3
2011-03-09,1891,0.29583333333333334,0.7754166666666666,0.22014999999999998,1.875,1,0,3
2011-03-10,623,0.3890909090909091,0.0,0.26187727272727274,2.909090909090909,1,0,3
2011-03-11,1977,0.3165217391304348,0.6495652173913044,0.2329695652173913,1.608695652173913,1,0,3
2011-03-12,2132,0.32916666666666666,0.5945833333333334,0.22077500000000003,1.0,1,0,3
2011-03-13,2417,0.3843478260869565,0.5273913043478261,0.270604347826087,1.0,1,0,3
2011-03-14,2046,0.32521739130434785,0.4969565217391304,0.13692608695652173,1.1304347826086956,1,0,3
2011-03-15,2056,0.3173913043478261,0.6556521739130435,0.18430869565217395,1.6956521739130435,1,0,3
2011-03-16,2192,0.3652173913043478,0.7765217391304348,0.2031173913043478,2.0434782608695654,1,0,3
2011-03-17,2744,0.41500000000000004,0.6029166666666667,0.20957916666666665,1.0833333333333333,1,0,3
2011-03-18,3239,0.54,0.5252173913043479,0.2310173913043478,1.1304347826086956,1,0,3
2011-03-19,3117,0.4725,0.37916666666666665,0.3681666666666667,1.1666666666666667,1,0,3
2011-03-20,2471,0.3325,0.47375000000000006,0.20772083333333335,1.2083333333333333,1,0,3
2011-03-21,2077,0.43043478260869567,0.7373913043478261,0.2887826086956522,1.8695652173913044,2,0,3
2011-03-22,2703,0.44166666666666665,0.6245833333333334,0.22575,1.4583333333333333,2,0,3
2011-03-23,2121,0.34695652173913044,0.8395652173913043,0.23426086956521738,2.4347826086956523,2,0,3
2011-03-24,1865,0.285,0.8058333333333333,0.24378750000000002,1.875,2,0,3
2011-03-25,2210,0.26416666666666666,0.49499999999999994,0.23072499999999999,1.3333333333333333,2,0,3
2011-03-26,2496,0.2658333333333333,0.3941666666666667,0.20957083333333335,1.2916666666666667,2,0,3
2011-03-27,1693,0.2530434782608696,0.49391304347826087,0.1843,1.6521739130434783,2,0,3
2011-03-28,2028,0.2643478260869565,0.3021739130434783,0.21220434782608696,1.173913043478261,2,0,3
2011-03-29,2425,0.3025,0.31416666666666665,0.2269958333333333,1.0833333333333333,2,0,3
2011-03-30,1536,0.3,0.6466666666666666,0.1728875,2.2083333333333335,2,0,3
2011-03-31,1685,0.26833333333333337,0.9183333333333333,0.21764583333333332,2.75,2,0,3
2011-04-01,2227,0.3,0.6862499999999999,0.2587083333333334,1.6666666666666667,2,0,4
2011-04-02,2252,0.315,0.6537499999999999,0.19714583333333335,1.5,2,0,4
2011-04-03,3249,0.37833333333333335,0.48,0.1822125,1.3333333333333333,2,0,4
2011-04-04,3115,0.5733333333333334,0.42625,0.38557083333333336,1.4166666666666667,2,0,4
2011-04-05,1795,0.4141666666666666,0.6420833333333333,0.3880666666666666,1.875,2,0,4
2011-04-06,2808,0.39083333333333337,0.47083333333333327,0.26306250000000003,1.0,2,0,4
2011-04-07,3141,0.4375,0.6029166666666667,0.1623125,1.3333333333333333,2,0,4
2011-04-08,1471,0.3358333333333334,0.83625,0.22699166666666667,2.4583333333333335,2,0,4
2011-04-09,2455,0.3425,0.8775,0.13308333333333333,2.0833333333333335,2,0,4
2011-04-10,2895,0.4266666666666667,0.8574999999999999,0.14676666666666668,1.625,2,0,4
2011-04-11,3348,0.5956521739130435,0.7169565217391304,0.3244739130434783,1.5217391304347827,2,0,4
2011-04-12,2034,0.5025000000000001,0.7391666666666666,0.2748791666666667,2.2083333333333335,2,0,4
2011-04-13,2162,0.41250000000000003,0.8191666666666667,0.25061666666666665,2.0,2,0,4
2011-04-14,3267,0.4675,0.5404166666666667,0.1107,1.0,2,0,4
2011-04-15,3126,0.4466666666666667,0.67125,0.226375,1.25,2,0,4
2011-04-16,795,0.43083333333333335,0.8883333333333333,0.3408083333333333,2.5,2,0,4
2011-04-17,3744,0.4566666666666667,0.4795833333333333,0.30349583333333335,1.0416666666666667,2,0,4
2011-04-18,3429,0.5125000000000001,0.5425,0.16356666666666667,1.2916666666666667,2,0,4
2011-04-19,3204,0.5058333333333334,0.6658333333333334,0.15797083333333334,1.6666666666666667,2,0,4
2011-04-20,3944,0.595,0.6141666666666666,0.24192500000000003,1.125,2,0,4
2011-04-21,4189,0.45916666666666667,0.4070833333333333,0.32525833333333337,1.2916666666666667,2,0,4
2011-04-22,1683,0.33666666666666667,0.7295833333333334,0.2195208333333333,2.2916666666666665,2,0,4
2011-04-23,4036,0.46,0.8879166666666666,0.23072499999999999,1.875,2,0,4
2011-04-24,4191,0.5816666666666667,0.8108333333333334,0.19217499999999998,1.5,2,0,4
2011-04-25,4073,0.6066666666666667,0.7766666666666667,0.18533333333333335,1.2916666666666667,2,0,4
2011-04-26,4400,0.6316666666666667,0.7291666666666666,0.3265,1.0833333333333333,2,0,4
2011-04-27,3872,0.62,0.8354166666666667,0.3122,1.5416666666666667,2,0,4
2011-04-28,4058,0.6175,0.7008333333333333,0.32090833333333335,1.5833333333333333,2,0,4
2011-04-29,4595,0.51,0.45708333333333334,0.24006249999999998,1.1666666666666667,2,0,4
2011-04-30,5312,0.4725,0.5033333333333333,0.235075,1.2083333333333333,2,0,4
2011-05-01,3351,0.45166666666666666,0.7620833333333333,0.10635416666666668,1.6666666666666667,2,0,5
2011-05-02,4401,0.5491666666666667,0.73,0.18345416666666667,1.5416666666666667,2,0,5
2011-05-03,4451,0.6166666666666667,0.6970833333333334,0.3426666666666667,1.6666666666666667,2,0,5
2011-05-04,2633,0.4141666666666666,0.7370833333333334,0.3289958333333333,1.9583333333333333,2,0,5
2011-05-05,4433,0.45916666666666667,0.44416666666666665,0.29539166666666666,1.0,2,0,5
2011-05-06,4608,0.4791666666666667,0.59,0.22824583333333334,1.25,2,0,5
2011-05-07,4714,0.52,0.54125,0.16045,1.0833333333333333,2,0,5
2011-05-08,4333,0.5283333333333333,0.6316666666666667,0.0746375,1.2916666666666667,2,0,5
2011-05-09,4362,0.5325,0.58875,0.17600000000000002,1.0,2,0,5
2011-05-10,4803,0.5325000000000001,0.4891666666666667,0.11567083333333333,1.4166666666666667,2,0,5
2011-05-11,4182,0.5425,0.6329166666666667,0.12064166666666666,1.125,2,0,5
2011-05-12,4864,0.535,0.7475,0.18966666666666665,1.4166666666666667,2,0,5
2011-05-13,4105,0.5125000000000001,0.8633333333333333,0.17972500000000002,2.2083333333333335,2,0,5
2011-05-14,3409,0.5208333333333334,0.9225,0.13495,2.375,2,0,5
2011-05-15,4553,0.5625,0.8670833333333333,0.15297916666666667,1.5,2,0,5
2011-05-16,3958,0.5775,0.7879166666666667,0.12687083333333335,1.1666666666666667,2,0,5
2011-05-17,4123,0.5616666666666666,0.8379166666666666,0.2773541666666666,2.0,2,0,5
2011-05-18,3855,0.55,0.87,0.20149166666666665,1.7916666666666667,2,0,5
2011-05-19,4575,0.5308333333333334,0.8295833333333333,0.1082125,1.5833333333333333,2,0,5
2011-05-20,4917,0.5366666666666667,0.7195833333333334,0.1250125,1.25,2,0,5
2011-05-21,5805,0.6025,0.6266666666666666,0.12065,1.125,2,0,5
2011-05-22,4660,0.6041666666666666,0.7495833333333333,0.14800833333333333,1.25,2,0,5
2011-05-23,4274,0.6316666666666667,0.8099999999999999,0.23384166666666664,1.6666666666666667,2,0,5
2011-05-24,4492,0.66,0.7408333333333333,0.20709166666666667,1.7083333333333333,2,0,5
2011-05-25,4978,0.6608333333333333,0.69625,0.15423333333333333,1.2083333333333333,2,0,5
2011-05-26,4677,0.7083333333333334,0.6775000000000001,0.1996416666666667,1.25,2,0,5
2011-05-27,4679,0.6816666666666666,0.6537499999999999,0.24067916666666667,1.2916666666666667,2,0,5
2011-05-28,4758,0.6558333333333334,0.7295833333333334,0.23009166666666667,1.0,2,0,5
2011-05-29,4788,0.6675,0.81875,0.2139375,1.2916666666666667,2,0,5
2011-05-30,4098,0.7333333333333334,0.6849999999999999,0.131225,1.2083333333333333,2,0,5
2011-05-31,3982,0.775,0.6366666666666666,0.11132916666666666,1.0833333333333333,2,0,5
2011-06-01,3974,0.7641666666666667,0.6770833333333334,0.20709166666666667,1.5,2,0,6
2011-06-02,4968,0.715,0.305,0.2922875,1.0,2,0,6
2011-06-03,5312,0.62,0.3541666666666667,0.25312083333333335,1.0416666666666667,2,0,6
2011-06-04,5342,0.635,0.45625,0.12314166666666666,1.3333333333333333,2,0,6
2011-06-05,4906,0.6483333333333333,0.6525,0.13869166666666669,1.5,2,0,6
2011-06-06,4548,0.6783333333333333,0.6,0.12189583333333333,1.0,2,0,6
2011-06-07,4833,0.7075,0.5979166666666667,0.18780833333333333,1.375,2,0,6
2011-06-08,4401,0.7758333333333334,0.6220833333333333,0.13681666666666667,1.0,2,0,6
2011-06-09,3915,0.8083333333333332,0.5683333333333334,0.14988333333333334,1.5833333333333333,2,0,6
2011-06-10,4586,0.755,0.605,0.14055416666666667,1.1666666666666667,2,0,6
2011-06-11,4966,0.725,0.6545833333333334,0.15485000000000002,1.125,2,0,6
2011-06-12,4460,0.6925,0.7479166666666667,0.16356666666666667,1.1666666666666667,2,0,6
2011-06-13,5020,0.635,0.4945833333333333,0.30535,1.0,2,0,6
2011-06-14,4891,0.6041666666666666,0.5070833333333333,0.2692833333333333,1.125,2,0,6
2011-06-15,5180,0.6266666666666666,0.4716666666666667,0.16791250000000002,1.0,2,0,6
2011-06-16,3767,0.6283333333333333,0.6883333333333334,0.20647083333333335,1.9166666666666667,2,0,6
2011-06-17,4844,0.6491666666666667,0.7358333333333333,0.14302916666666668,1.2916666666666667,2,0,6
2011-06-18,5119,0.6966666666666667,0.6704166666666667,0.11940833333333334,1.4166666666666667,2,0,6
2011-06-19,4744,0.6991666666666667,0.6666666666666666,0.102,1.75,2,0,6
2011-06-20,4010,0.635,0.74625,0.155475,1.7083333333333333,2,0,6
2011-06-21,4835,0.6808333333333333,0.7704166666666666,0.17102499999999998,1.7083333333333333,3,0,6
2011-06-22,4507,0.7333333333333334,0.7075,0.17226249999999999,1.4166666666666667,3,0,6
2011-06-23,4790,0.7283333333333334,0.7033333333333333,0.23880416666666668,1.625,3,0,6
2011-06-24,4991,0.7241666666666666,0.5733333333333334,0.222025,1.0416666666666667,3,0,6
2011-06-25,5202,0.695,0.48333333333333334,0.20957083333333335,1.0833333333333333,3,0,6
2011-06-26,5305,0.68,0.5133333333333333,0.09453333333333334,1.2083333333333333,3,0,6
2011-06-27,4708,0.6825,0.6583333333333333,0.1075875,1.75,3,0,6
2011-06-28,4648,0.7441666666666666,0.6341666666666667,0.14428333333333335,1.3333333333333333,3,0,6
2011-06-29,5225,0.7283333333333334,0.4979166666666666,0.26182083333333334,1.0833333333333333,3,0,6
2011-06-30,5515,0.6966666666666667,0.43416666666666665,0.1853125,1.0,3,0,6
2011-07-01,5362,0.7225,0.39625,0.10260833333333334,1.0,3,0,7
2011-07-02,5119,0.7383333333333333,0.44458333333333333,0.1150625,1.0,3,0,7
2011-07-03,4649,0.7166666666666667,0.6825,0.2288583333333333,1.75,3,0,7
2011-07-04,6043,0.7266666666666667,0.6379166666666667,0.08147916666666667,1.5,3,0,7
2011-07-05,4665,0.7466666666666667,0.5904166666666667,0.12625833333333333,1.0416666666666667,3,0,7
2011-07-06,4629,0.7200000000000001,0.7433333333333333,0.14988333333333334,1.4166666666666667,3,0,7
2011-07-07,4592,0.75,0.65125,0.1592,1.125,3,0,7
2011-07-08,4040,0.7091666666666666,0.7579166666666667,0.22512916666666669,1.7083333333333333,3,0,7
2011-07-09,5336,0.7333333333333334,0.6091666666666666,0.16791250000000002,1.1666666666666667,3,0,7
2011-07-10,4881,0.7475,0.5783333333333334,0.18347083333333333,1.0,3,0,7
2011-07-11,4086,0.7625000000000001,0.6358333333333334,0.28233749999999996,1.0,3,0,7
2011-07-12,4258,0.7941666666666666,0.5591666666666667,0.20025416666666665,1.0416666666666667,3,0,7
2011-07-13,4342,0.7466666666666666,0.6316666666666667,0.14613333333333334,1.2916666666666667,3,0,7
2011-07-14,5084,0.6808333333333333,0.47625,0.24066666666666667,1.0,3,0,7
2011-07-15,5538,0.6633333333333333,0.5912499999999999,0.18283333333333332,1.0833333333333333,3,0,7
2011-07-16,5923,0.6866666666666666,0.5850000000000001,0.20834166666666668,1.0,3,0,7
2011-07-17,5302,0.7191666666666667,0.6041666666666666,0.24503333333333333,1.0,3,0,7
2011-07-18,4458,0.7466666666666667,0.65125,0.21580416666666669,1.0,3,0,7
2011-07-19,4541,0.7766666666666667,0.6504166666666666,0.13060000000000002,1.375,3,0,7
2011-07-20,4332,0.7683333333333334,0.7070833333333333,0.11381666666666666,1.0833333333333333,3,0,7
2011-07-21,3784,0.815,0.69125,0.22202083333333333,1.5,3,0,7
2011-07-22,3387,0.8483333333333333,0.5804166666666667,0.1331,1.25,3,0,7
2011-07-23,3285,0.8491666666666666,0.5,0.13122083333333331,1.0416666666666667,3,0,7
2011-07-24,3606,0.8300000000000001,0.5508333333333334,0.16917083333333335,1.0833333333333333,3,0,7
2011-07-25,3840,0.7433333333333333,0.7570833333333332,0.09080833333333332,1.4166666666666667,3,0,7
2011-07-26,4590,0.7716666666666666,0.5408333333333334,0.20025833333333332,1.0,3,0,7
2011-07-27,4656,0.775,0.40291666666666665,0.1834625,1.0416666666666667,3,0,7
2011-07-28,4390,0.7791666666666667,0.5833333333333334,0.17847916666666666,1.0416666666666667,3,0,7
2011-07-29,3846,0.8383333333333334,0.5425,0.17413750000000003,1.125,3,0,7
2011-07-30,4475,0.8041666666666667,0.4658333333333333,0.1685375,1.0,3,0,7
2011-07-31,4302,0.8058333333333333,0.4808333333333333,0.1648125,1.0,3,0,7
2011-08-01,4266,0.7716666666666666,0.5508333333333333,0.15671666666666667,1.0,3,0,8
2011-08-02,4845,0.7833333333333333,0.49124999999999996,0.20585,1.25,3,0,8
2011-08-03,3574,0.7316666666666666,0.6575,0.13558333333333333,2.3333333333333335,3,0,8
2011-08-04,4576,0.71,0.7575,0.19715000000000002,1.5833333333333333,3,0,8
2011-08-05,4866,0.7108333333333333,0.6308333333333334,0.1846958333333333,1.0833333333333333,3,0,8
2011-08-06,4294,0.7166666666666667,0.755,0.22824999999999998,1.75,3,0,8
2011-08-07,3785,0.7425,0.7529166666666667,0.2014875,1.4166666666666667,3,0,8
2011-08-08,4326,0.765,0.5920833333333334,0.19217499999999998,1.0,3,0,8
2011-08-09,4602,0.775,0.5704166666666667,0.15112083333333334,1.0833333333333333,3,0,8
2011-08-10,4780,0.7666666666666666,0.42416666666666664,0.20025833333333332,1.0,3,0,8
2011-08-11,4792,0.7174999999999999,0.42375,0.16479583333333334,1.0,3,0,8
2011-08-12,4905,0.7083333333333334,0.41500000000000004,0.12562083333333332,1.0,3,0,8
2011-08-13,4150,0.6858333333333334,0.7295833333333333,0.2114541666666667,1.75,3,0,8
2011-08-14,3820,0.6766666666666666,0.8175,0.22263333333333335,1.9166666666666667,3,0,8
2011-08-15,4338,0.6658333333333334,0.7120833333333333,0.20895416666666666,1.3333333333333333,3,0,8
2011-08-16,4725,0.7008333333333333,0.5783333333333333,0.23632916666666667,1.0,3,0,8
2011-08-17,4694,0.7233333333333333,0.5754166666666667,0.14366666666666666,1.0,3,0,8
2011-08-18,3805,0.7116666666666668,0.6545833333333334,0.23320833333333335,1.375,3,0,8
2011-08-19,4153,0.685,0.7229166666666668,0.13930833333333334,1.6666666666666667,3,0,8
2011-08-20,5191,0.6974999999999999,0.6741666666666667,0.10446666666666667,1.125,3,0,8
2011-08-21,3873,0.7108333333333333,0.77,0.2487541666666667,1.125,3,0,8
2011-08-22,4758,0.6916666666666668,0.47,0.27675,1.125,3,0,8
2011-08-23,5895,0.6408333333333333,0.45541666666666664,0.1467625,1.0833333333333333,3,0,8
2011-08-24,5130,0.6733333333333333,0.605,0.2531083333333333,1.0,3,0,8
2011-08-25,3542,0.6841666666666667,0.7716666666666666,0.21083333333333334,1.5,3,0,8
2011-08-26,4661,0.7000000000000001,0.76125,0.0839625,1.25,3,0,8
2011-08-27,1115,0.68,0.85,0.37561666666666665,2.2222222222222223,3,0,8
2011-08-28,4334,0.7070588235294117,0.5617647058823529,0.30465882352941176,1.2352941176470589,3,0,8
2011-08-29,4634,0.6366666666666666,0.5545833333333333,0.159825,1.125,3,0,8
2011-08-30,5204,0.6391666666666667,0.5483333333333333,0.12500833333333333,1.0,3,0,8
2011-08-31,5058,0.6566666666666666,0.5979166666666667,0.08333333333333333,1.0,3,0,8
2011-09-01,5115,0.655,0.6391666666666667,0.14179583333333332,1.25,3,0,9
2011-09-02,4727,0.6433333333333333,0.7270833333333333,0.13992916666666666,1.7916666666666667,3,0,9
2011-09-03,4484,0.6691666666666666,0.7166666666666667,0.185325,1.375,3,0,9
2011-09-04,4940,0.7091666666666666,0.7420833333333333,0.2064666666666667,1.125,3,0,9
2011-09-05,3351,0.6733333333333333,0.7904166666666667,0.21269583333333333,2.0416666666666665,3,0,9
2011-09-06,2710,0.54,0.8869565217391304,0.3439434782608696,2.652173913043478,3,0,9
2011-09-07,1996,0.5991666666666667,0.9170833333333333,0.09702083333333333,2.75,3,0,9
2011-09-08,1842,0.6339130434782608,0.9395652173913043,0.19274782608695654,2.652173913043478,3,0,9
2011-09-09,3544,0.65,0.8979166666666667,0.12437916666666667,1.7083333333333333,3,0,9
2011-09-10,5345,0.66,0.75375,0.15360833333333332,1.125,3,0,9
2011-09-11,5046,0.6533333333333333,0.71375,0.11505416666666667,1.2083333333333333,3,0,9
2011-09-12,4713,0.6443478260869565,0.6921739130434783,0.08891304347826087,1.0,3,0,9
2011-09-13,4763,0.6508333333333333,0.7125,0.14180416666666668,1.0,3,0,9
2011-09-14,4785,0.6733333333333333,0.6970833333333334,0.1673,1.2083333333333333,3,0,9
2011-09-15,3659,0.5775,0.7091666666666666,0.27114583333333336,1.5833333333333333,3,0,9
2011-09-16,4760,0.4691666666666667,0.5904166666666667,0.16418333333333332,1.5,3,0,9
2011-09-17,4511,0.4916666666666667,0.7183333333333333,0.189675,1.5,3,0,9
2011-09-18,4274,0.5075,0.695,0.17848333333333333,1.375,3,0,9
2011-09-19,4539,0.5491666666666667,0.69,0.15174166666666666,1.9583333333333333,3,0,9
2011-09-20,3641,0.5616666666666666,0.88125,0.13495416666666668,1.8333333333333333,3,0,9
2011-09-21,4352,0.5950000000000001,0.9,0.09640416666666667,2.0,3,0,9
2011-09-22,4795,0.6283333333333333,0.9020833333333332,0.12812500000000002,1.9583333333333333,3,0,9
2011-09-23,2395,0.6091666666666666,0.9725,0.07836666666666667,2.25,4,0,9
2011-09-24,5423,0.6066666666666667,0.8624999999999999,0.07838333333333333,1.625,4,0,9
2011-09-25,5010,0.6341666666666667,0.8450000000000001,0.05037916666666667,1.7916666666666667,4,0,9
2011-09-26,4630,0.6491666666666667,0.8483333333333333,0.1107,1.5416666666666667,4,0,9
2011-09-27,4120,0.6366666666666666,0.8854166666666666,0.11817083333333334,1.875,4,0,9
2011-09-28,3907,0.635,0.84875,0.14862916666666667,1.875,4,0,9
2011-09-29,4839,0.6166666666666667,0.6991666666666667,0.17288333333333336,1.25,4,0,9
2011-09-30,5202,0.5641666666666667,0.6475,0.206475,1.125,4,0,9
2011-10-01,2429,0.41,0.75375,0.29229583333333337,2.125,4,0,10
2011-10-02,2918,0.3566666666666667,0.7916666666666666,0.22201249999999997,2.1666666666666665,4,0,10
2011-10-03,3570,0.3841666666666667,0.7608333333333334,0.08334583333333334,1.9166666666666667,4,0,10
2011-10-04,4456,0.4841666666666667,0.71,0.20585416666666667,1.125,4,0,10
2011-10-05,4826,0.5383333333333333,0.6479166666666667,0.17725000000000002,1.0,4,0,10
2011-10-06,4765,0.49416666666666664,0.6208333333333333,0.13495416666666668,1.0,4,0,10
2011-10-07,4985,0.5108333333333334,0.6841666666666667,0.022391666666666667,1.0,4,0,10
2011-10-08,5409,0.5216666666666666,0.7012499999999999,0.04540416666666667,1.0,4,0,10
2011-10-09,5511,0.5408333333333334,0.7275,0.06344999999999999,1.0416666666666667,4,0,10
2011-10-10,5117,0.5708333333333333,0.73375,0.04230416666666667,1.2916666666666667,4,0,10
2011-10-11,4563,0.5666666666666667,0.80875,0.14304166666666665,2.0,4,0,10
2011-10-12,2416,0.5433333333333333,0.90625,0.24815,2.625,4,0,10
2011-10-13,2913,0.5891666666666667,0.8966666666666666,0.14178749999999998,2.0416666666666665,4,0,10
2011-10-14,3644,0.5508333333333334,0.71625,0.22388333333333335,1.5416666666666667,4,0,10
2011-10-15,5217,0.5066666666666667,0.48333333333333334,0.25808333333333333,1.0,4,0,10
2011-10-16,5041,0.5116666666666667,0.48666666666666664,0.28171666666666667,1.0,4,0,10
2011-10-17,4570,0.5341666666666667,0.5795833333333333,0.17537916666666667,1.1666666666666667,4,0,10
2011-10-18,4748,0.5325000000000001,0.7016666666666667,0.1100875,1.5,4,0,10
2011-10-19,2424,0.5417391304347826,0.8952173913043479,0.2433391304347826,2.652173913043478,4,0,10
2011-10-20,4195,0.47583333333333333,0.63625,0.42227499999999996,1.25,4,0,10
2011-10-21,4304,0.4275,0.5741666666666666,0.22139583333333335,1.2083333333333333,4,0,10
2011-10-22,4308,0.42250000000000004,0.6291666666666667,0.09266666666666666,1.125,4,0,10
2011-10-23,4381,0.4216666666666667,0.74125,0.0995125,1.0,4,0,10
2011-10-24,4187,0.4633333333333334,0.7720833333333333,0.11879166666666667,1.4166666666666667,4,0,10
2011-10-25,4687,0.4716666666666667,0.6229166666666667,0.16665833333333332,1.0,4,0,10
2011-10-26,3894,0.48416666666666663,0.7204166666666666,0.14864166666666667,1.5833333333333333,4,0,10
2011-10-27,2659,0.47,0.8129166666666666,0.19776249999999998,2.125,4,0,10
2011-10-28,3747,0.33083333333333337,0.5858333333333333,0.22947916666666668,1.7083333333333333,4,0,10
2011-10-29,627,0.25416666666666665,0.8825,0.35137083333333335,2.5833333333333335,4,0,10
2011-10-30,3331,0.31916666666666665,0.62375,0.17661666666666667,1.0,4,0,10
2011-10-31,3669,0.34,0.7033333333333333,0.10635,1.3333333333333333,4,0,10
2011-11-01,4068,0.4008333333333333,0.68375,0.13557083333333333,1.125,4,0,11
2011-11-02,4186,0.3775,0.71875,0.08209166666666667,1.0,4,0,11
2011-11-03,3974,0.4083333333333334,0.7020833333333334,0.13681666666666667,1.2083333333333333,4,0,11
2011-11-04,4046,0.4033333333333333,0.6224999999999999,0.2717791666666667,1.5416666666666667,4,0,11
2011-11-05,3926,0.32666666666666666,0.5191666666666667,0.1890625,1.0,4,0,11
2011-11-06,3649,0.34833333333333333,0.7345833333333333,0.09205416666666666,1.0833333333333333,4,0,11
2011-11-07,4035,0.395,0.75875,0.057225,1.1666666666666667,4,0,11
2011-11-08,4205,0.4083333333333334,0.7216666666666667,0.0690375,1.0,4,0,11
2011-11-09,4109,0.39999999999999997,0.7583333333333333,0.06219583333333333,1.0,4,0,11
2011-11-10,2933,0.37999999999999995,0.8133333333333334,0.1890666666666667,2.0,4,0,11
2011-11-11,3368,0.32416666666666666,0.44625000000000004,0.314675,1.0,4,0,11
2011-11-12,4067,0.3566666666666667,0.5529166666666666,0.21206250000000001,1.0,4,0,11
2011-11-13,3717,0.44083333333333335,0.4583333333333333,0.28172083333333336,1.375,4,0,11
2011-11-14,4486,0.53,0.5870833333333333,0.30659583333333335,1.25,4,0,11
2011-11-15,4195,0.53,0.6887500000000001,0.19963333333333333,1.8333333333333333,4,0,11
2011-11-16,1817,0.4566666666666667,0.93,0.13682916666666667,2.7083333333333335,4,0,11
2011-11-17,3053,0.3416666666666666,0.5758333333333333,0.3053625,1.875,4,0,11
2011-11-18,3392,0.27416666666666667,0.41,0.16853333333333334,1.0,4,0,11
2011-11-19,3663,0.32916666666666666,0.5020833333333333,0.22449583333333334,1.1666666666666667,4,0,11
2011-11-20,3520,0.4633333333333334,0.6845833333333333,0.18594999999999998,1.8333333333333333,4,0,11
2011-11-21,2765,0.4475,0.91,0.13805416666666667,2.5416666666666665,4,0,11
2011-11-22,1607,0.4166666666666667,0.9624999999999999,0.11879166666666667,2.7916666666666665,4,0,11
2011-11-23,2566,0.44083333333333335,0.7579166666666666,0.335825,1.875,4,0,11
2011-11-24,1495,0.37333333333333335,0.5491666666666667,0.16730416666666667,1.0,4,0,11
2011-11-25,2792,0.375,0.64375,0.09889583333333334,1.0,4,0,11
2011-11-26,3068,0.3758333333333333,0.6816666666666666,0.06842083333333333,1.4166666666666667,4,0,11
2011-11-27,3071,0.45916666666666667,0.6983333333333334,0.20895416666666666,1.0,4,0,11
2011-11-28,3867,0.5034782608695653,0.7430434782608696,0.14212173913043477,1.391304347826087,4,0,11
2011-11-29,2914,0.4583333333333333,0.8308333333333334,0.25809166666666666,2.0,4,0,11
2011-11-30,3613,0.325,0.6133333333333334,0.27115833333333333,1.25,4,0,11
2011-12-01,3727,0.3125,0.5245833333333333,0.22015833333333334,1.0,4,0,12
2011-12-02,3940,0.31416666666666665,0.6258333333333334,0.10075416666666666,1.0,4,0,12
2011-12-03,3614,0.29916666666666664,0.6129166666666667,0.09578333333333333,1.0833333333333333,4,0,12
2011-12-04,3485,0.33083333333333337,0.7758333333333334,0.08395833333333334,1.0,4,0,12
2011-12-05,3811,0.3858333333333333,0.8270833333333334,0.06220833333333333,1.5,4,0,12
2011-12-06,2594,0.46249999999999997,0.9495833333333333,0.23258333333333334,2.5416666666666665,4,0,12
2011-12-07,705,0.41,0.9704166666666666,0.266175,2.7916666666666665,4,0,12
2011-12-08,3322,0.2658333333333333,0.58,0.24005833333333335,1.0833333333333333,4,0,12
2011-12-09,3620,0.29083333333333333,0.6958333333333333,0.08271666666666667,1.0416666666666667,4,0,12
2011-12-10,3190,0.275,0.5075,0.23322083333333332,1.2083333333333333,4,0,12
2011-12-11,2743,0.22083333333333333,0.49,0.06654166666666667,1.0,4,0,12
2011-12-12,3310,0.2383333333333333,0.6708333333333334,0.06344999999999999,1.375,4,0,12
2011-12-13,3523,0.28250000000000003,0.59,0.14055,1.0,4,0,12
2011-12-14,3740,0.3175,0.66375,0.06095833333333334,1.6666666666666667,4,0,12
2011-12-15,3709,0.42250000000000004,0.6341666666666667,0.2680416666666667,1.7916666666666667,4,0,12
2011-12-16,3577,0.375,0.5004166666666666,0.260575,1.6666666666666667,4,0,12
2011-12-17,2739,0.25833333333333336,0.5608333333333334,0.24316666666666667,1.5416666666666667,4,0,12
2011-12-18,2431,0.2383333333333333,0.58625,0.16977916666666668,1.0416666666666667,4,0,12
2011-12-19,3403,0.27666666666666667,0.6375000000000001,0.17289583333333333,1.125,4,0,12
2011-12-20,3750,0.3858333333333333,0.5954166666666667,0.06157083333333333,1.6666666666666667,4,0,12
2011-12-21,2660,0.4283333333333333,0.8583333333333334,0.2214,2.0833333333333335,1,0,12
2011-12-22,3068,0.42333333333333334,0.7575,0.047275000000000005,1.875,1,0,12
2011-12-23,2209,0.37333333333333335,0.6862499999999999,0.27424583333333336,1.4166666666666667,1,0,12
2011-12-24,1011,0.3025,0.5425,0.1903041666666667,1.2916666666666667,1,0,12
2011-12-25,754,0.2747826086956522,0.681304347826087,0.1550913043478261,1.0,1,0,12
2011-12-26,1317,0.32173913043478264,0.5069565217391304,0.23946521739130433,1.0,1,0,12
2011-12-27,1162,0.325,0.7625000000000001,0.18845,1.9583333333333333,1,0,12
2011-12-28,2302,0.2991304347826087,0.5039130434782608,0.2939608695652174,1.0,1,0,12
2011-12-29,2423,0.24833333333333332,0.5741666666666667,0.11941249999999999,1.4166666666666667,1,0,12
2011-12-30,2999,0.3116666666666667,0.6366666666666666,0.1343375,1.3333333333333333,1,0,12
2011-12-31,2485,0.41,0.6158333333333333,0.22015416666666665,1.3333333333333333,1,0,12
2012-01-01,2294,0.37000000000000005,0.6925,0.19216666666666668,1.3333333333333333,1,1,1
2012-01-02,1951,0.27304347826086955,0.38130434782608696,0.32966521739130433,1.0869565217391304,1,1,1
2012-01-03,2236,0.15,0.44125,0.36567083333333333,1.0,1,1,1
2012-01-04,2368,0.1075,0.4145833333333333,0.1847,1.5416666666666667,1,1,1
2012-01-05,3272,0.2658333333333333,0.5241666666666667,0.1299875,1.375,1,1,1
2012-01-06,4098,0.33416666666666667,0.5420833333333334,0.16790833333333333,1.125,1,1,1
2012-01-07,4521,0.3933333333333333,0.5316666666666666,0.17475833333333335,1.0833333333333333,1,1,1
2012-01-08,3425,0.33749999999999997,0.465,0.19154166666666664,1.125,1,1,1
2012-01-09,2376,0.22416666666666665,0.7016666666666667,0.0989,2.0416666666666665,1,1,1
2012-01-10,3598,0.30869565217391304,0.6465217391304349,0.18755217391304346,1.391304347826087,1,1,1
2012-01-11,2177,0.27416666666666667,0.8475,0.13122083333333334,2.0416666666666665,1,1,1
2012-01-12,4097,0.3825,0.8029166666666666,0.1809666666666667,1.7916666666666667,1,1,1
2012-01-13,3214,0.27416666666666667,0.5075,0.3781083333333333,1.25,1,1,1
2012-01-14,2493,0.18000000000000002,0.4575,0.18718333333333334,1.0,1,1,1
2012-01-15,2311,0.16666666666666666,0.4191666666666667,0.2512583333333333,1.25,1,1,1
2012-01-16,2298,0.19000000000000003,0.5225,0.23135833333333333,1.2083333333333333,1,1,1
2012-01-17,2935,0.3730434782608696,0.716086956521739,0.3491304347826087,1.9130434782608696,1,1,1
2012-01-18,3376,0.30333333333333334,0.44333333333333336,0.4154291666666667,1.1666666666666667,1,1,1
2012-01-19,3292,0.19000000000000003,0.4975,0.22015833333333334,1.1666666666666667,1,1,1
2012-01-20,3163,0.2175,0.45,0.20274999999999999,1.625,1,1,1
2012-01-21,1301,0.17333333333333334,0.8312499999999999,0.22264166666666665,2.4583333333333335,1,1,1
2012-01-22,1977,0.1625,0.79625,0.1996375,2.25,1,1,1
2012-01-23,2432,0.21833333333333335,0.91125,0.11070833333333334,2.1666666666666665,1,1,1
2012-01-24,4339,0.3425,0.8358333333333333,0.12376666666666668,1.4583333333333333,1,1,1
2012-01-25,4270,0.2941666666666667,0.6437499999999999,0.16107083333333333,1.1666666666666667,1,1,1
2012-01-26,4075,0.34166666666666673,0.7695833333333333,0.07339583333333334,1.9166666666666667,1,1,1
2012-01-27,3456,0.425,0.74125,0.3426666666666667,1.625,1,1,1
2012-01-28,4023,0.31583333333333335,0.5433333333333333,0.21082916666666665,1.0416666666666667,1,1,1
2012-01-29,3243,0.28250000000000003,0.31125,0.24004999999999999,1.0,1,1,1
2012-01-30,3624,0.26916666666666667,0.4008333333333333,0.2157916666666667,1.0416666666666667,1,1,1
2012-01-31,4509,0.38999999999999996,0.4166666666666667,0.26181666666666664,1.0416666666666667,1,1,1
2012-02-01,4579,0.4691666666666667,0.5079166666666667,0.1890666666666667,1.2916666666666667,1,1,2
2012-02-02,3761,0.39916666666666667,0.6729166666666666,0.18718749999999998,1.8333333333333333,1,1,2
2012-02-03,4151,0.31333333333333335,0.5266666666666667,0.17849583333333333,1.0,1,1,2
2012-02-04,2832,0.26416666666666666,0.7795833333333334,0.12189583333333333,1.75,1,1,2
2012-02-05,2947,0.2658333333333333,0.6879166666666667,0.17599583333333335,1.7083333333333333,1,1,2
2012-02-06,3784,0.2826086956521739,0.6221739130434782,0.1538,1.0,1,1,2
2012-02-07,4375,0.3541666666666667,0.49625,0.14737916666666667,1.0833333333333333,1,1,2
2012-02-08,2802,0.25666666666666665,0.7229166666666668,0.13372083333333332,2.0416666666666665,1,1,2
2012-02-09,3830,0.265,0.5620833333333334,0.1940375,1.2083333333333333,1,1,2
2012-02-10,3831,0.2808333333333333,0.54,0.11692916666666668,1.7083333333333333,1,1,2
2012-02-11,2169,0.22416666666666665,0.7312500000000001,0.2897958333333333,2.5,1,1,2
2012-02-12,1529,0.1275,0.46458333333333335,0.4092125,1.2916666666666667,1,1,2
2012-02-13,3422,0.2225,0.41125000000000006,0.16728333333333334,1.0,1,1,2
2012-02-14,3922,0.31916666666666665,0.50875,0.14117916666666666,1.875,1,1,2
2012-02-15,4169,0.34833333333333333,0.53125,0.1816,1.0416666666666667,1,1,2
2012-02-16,3005,0.31666666666666665,0.7529166666666667,0.09142499999999999,2.375,1,1,2
2012-02-17,4154,0.3433333333333333,0.6345833333333334,0.2058458333333333,1.4166666666666667,1,1,2
2012-02-18,4318,0.3466666666666667,0.5345833333333333,0.19092916666666668,1.0416666666666667,1,1,2
2012-02-19,2689,0.27999999999999997,0.5158333333333334,0.2531125,2.0,1,1,2
2012-02-20,3129,0.28,0.5078260869565218,0.2290826086956522,1.2608695652173914,1,1,2
2012-02-21,3777,0.28782608695652173,0.5943478260869565,0.2057173913043478,1.173913043478261,1,1,2
2012-02-22,4773,0.3958333333333333,0.5679166666666666,0.23447083333333332,1.2916666666666667,1,1,2
2012-02-23,5062,0.45416666666666666,0.5545833333333333,0.1909125,1.2083333333333333,1,1,2
2012-02-24,3487,0.4075,0.7374999999999999,0.23756666666666668,1.9583333333333333,1,1,2
2012-02-25,2732,0.29083333333333333,0.3958333333333333,0.4216416666666667,1.1666666666666667,1,1,2
2012-02-26,3389,0.2791666666666667,0.41,0.20522916666666668,1.0,1,1,2
2012-02-27,4322,0.3666666666666667,0.4908333333333333,0.26803333333333335,1.0,1,1,2
2012-02-28,4363,0.3591666666666667,0.3958333333333333,0.19341666666666668,1.0,1,1,2
2012-02-29,1834,0.3443478260869565,0.8047826086956522,0.1791173913043478,2.217391304347826,1,1,2
2012-03-01,4990,0.48583333333333334,0.6154166666666666,0.2269875,1.25,1,1,3
2012-03-02,3194,0.35333333333333333,0.6570833333333334,0.14490416666666667,1.625,1,1,3
2012-03-03,4066,0.4141666666666666,0.62125,0.16107916666666666,1.7916666666666667,1,1,3
2012-03-04,3423,0.32583333333333336,0.4033333333333333,0.3345708333333333,1.3333333333333333,1,1,3
2012-03-05,3333,0.24333333333333332,0.50625,0.2288583333333333,1.4583333333333333,1,1,3
2012-03-06,3956,0.25833333333333336,0.4566666666666667,0.200875,1.0,1,1,3
2012-03-07,4916,0.40416666666666673,0.5133333333333333,0.3457791666666667,1.0,1,1,3
2012-03-08,5382,0.5275,0.5675,0.4415625,1.375,1,1,3
2012-03-09,4569,0.41083333333333333,0.4070833333333333,0.4148,1.6666666666666667,1,1,3
2012-03-10,4118,0.28750000000000003,0.35041666666666665,0.22575,1.0,1,1,3
2012-03-11,4911,0.3617391304347826,0.4769565217391304,0.22258695652173915,1.0,1,1,3
2012-03-12,5298,0.46666666666666673,0.4891666666666667,0.2077125,1.3333333333333333,1,1,3
2012-03-13,5847,0.5650000000000001,0.6175,0.23695,1.4583333333333333,1,1,3
2012-03-14,6312,0.5725,0.5070833333333333,0.1150625,1.0833333333333333,1,1,3
2012-03-15,6192,0.5575,0.5795833333333333,0.14988333333333334,1.2083333333333333,1,1,3
2012-03-16,4378,0.43583333333333335,0.8420833333333334,0.11319166666666668,2.0833333333333335,1,1,3
2012-03-17,7836,0.5141666666666667,0.7558333333333334,0.11070416666666667,1.5,1,1,3
2012-03-18,5892,0.4725,0.81,0.12688333333333332,1.5833333333333333,1,1,3
2012-03-19,6153,0.545,0.7287499999999999,0.16231666666666666,1.125,1,1,3
2012-03-20,6093,0.5608333333333334,0.8079166666666667,0.12127083333333333,1.4583333333333333,1,1,3
2012-03-21,6230,0.5316666666666666,0.82125,0.08955833333333334,1.625,2,1,3
2012-03-22,6871,0.5541666666666667,0.8312499999999999,0.1175625,1.375,2,1,3
2012-03-23,8362,0.6016666666666667,0.6941666666666667,0.1163,1.5833333333333333,2,1,3
2012-03-24,3372,0.5025000000000001,0.8854166666666666,0.19278333333333333,2.25,2,1,3
2012-03-25,4996,0.4375,0.8808333333333334,0.22077500000000003,1.75,2,1,3
2012-03-26,5558,0.4458333333333333,0.4779166666666666,0.38682083333333334,1.0416666666666667,2,1,3
2012-03-27,5102,0.3233333333333333,0.29,0.18719166666666667,1.0,2,1,3
2012-03-28,5698,0.4841666666666667,0.48125,0.2916708333333333,1.1666666666666667,2,1,3
2012-03-29,6133,0.49416666666666664,0.43916666666666665,0.31965,1.0,2,1,3
2012-03-30,5459,0.37000000000000005,0.5808333333333333,0.13806666666666667,1.5,2,1,3
2012-03-31,6235,0.42416666666666664,0.7383333333333333,0.25061666666666665,1.625,2,1,3
2012-04-01,6041,0.42583333333333334,0.67625,0.17226666666666668,1.875,2,1,4
2012-04-02,5936,0.4339130434782609,0.5043478260869565,0.3121391304347826,1.2608695652173914,2,1,4
2012-04-03,6772,0.4666666666666666,0.39666666666666667,0.10013333333333334,1.0,2,1,4
2012-04-04,6436,0.5416666666666666,0.4695833333333333,0.180975,1.4583333333333333,2,1,4
2012-04-05,6457,0.435,0.3741666666666667,0.21952916666666666,1.0416666666666667,2,1,4
2012-04-06,6460,0.4033333333333333,0.3770833333333334,0.3003875,1.0,2,1,4
2012-04-07,6857,0.4375,0.2541666666666667,0.27487083333333334,1.0,2,1,4
2012-04-08,5169,0.5,0.2758333333333333,0.23259583333333333,1.0,2,1,4
2012-04-09,5585,0.4891666666666667,0.3175,0.3581958333333333,1.125,2,1,4
2012-04-10,5918,0.4466666666666667,0.435,0.249375,1.0416666666666667,2,1,4
2012-04-11,4862,0.348695652173913,0.46956521739130436,0.2952739130434782,1.391304347826087,2,1,4
2012-04-12,5409,0.39749999999999996,0.46625,0.2904291666666667,1.0,2,1,4
2012-04-13,6398,0.44250000000000006,0.4083333333333334,0.15547083333333334,1.0833333333333333,2,1,4
2012-04-14,7460,0.49500000000000005,0.5029166666666667,0.19091666666666665,1.4166666666666667,2,1,4
2012-04-15,7132,0.6066666666666667,0.5079166666666667,0.22512916666666669,1.2083333333333333,2,1,4
2012-04-16,6370,0.6641666666666667,0.5616666666666666,0.28482916666666663,1.0416666666666667,2,1,4
2012-04-17,6691,0.6083333333333333,0.39041666666666663,0.27362916666666665,1.0,2,1,4
2012-04-18,4367,0.4633333333333333,0.5691666666666667,0.1679125,2.25,2,1,4
2012-04-19,6565,0.49833333333333335,0.6124999999999999,0.06592916666666666,1.4583333333333333,2,1,4
2012-04-20,7290,0.5266666666666667,0.6945833333333334,0.14987083333333334,1.0,2,1,4
2012-04-21,6624,0.57,0.6829166666666667,0.2835875,1.375,2,1,4
2012-04-22,1027,0.39666666666666667,0.8354166666666667,0.34454583333333333,2.6666666666666665,2,1,4
2012-04-23,3214,0.32166666666666666,0.7666666666666666,0.30349583333333335,2.375,2,1,4
2012-04-24,5633,0.41333333333333333,0.45416666666666666,0.24938333333333332,1.125,2,1,4
2012-04-25,6196,0.4766666666666666,0.42791666666666667,0.11879166666666667,1.0416666666666667,2,1,4
2012-04-26,5026,0.49833333333333335,0.7566666666666667,0.176625,1.9166666666666667,2,1,4
2012-04-27,6233,0.4575,0.4008333333333333,0.3476333333333333,1.0,2,1,4
2012-04-28,4220,0.3766666666666667,0.4895833333333333,0.129975,1.6666666666666667,2,1,4
2012-04-29,6304,0.4583333333333333,0.5870833333333333,0.11690833333333334,1.2916666666666667,2,1,4
2012-04-30,5572,0.46416666666666667,0.57,0.1716375,1.5416666666666667,2,1,4
2012-05-01,5740,0.6133333333333334,0.6595833333333333,0.15609583333333332,1.6666666666666667,2,1,5
2012-05-02,6169,0.5641666666666667,0.7970833333333333,0.1380583333333333,1.4166666666666667,2,1,5
2012-05-03,6421,0.5599999999999999,0.7683333333333334,0.13369583333333332,1.5416666666666667,2,1,5
2012-05-04,6296,0.6275000000000001,0.7354166666666666,0.1629375,1.2916666666666667,2,1,5
2012-05-05,6883,0.6216666666666667,0.7566666666666667,0.15299166666666666,1.5,2,1,5
2012-05-06,6359,0.5625,0.7399999999999999,0.14987916666666667,1.9583333333333333,2,1,5
2012-05-07,6273,0.5375,0.6641666666666667,0.23072083333333335,1.75,2,1,5
2012-05-08,5728,0.5816666666666667,0.6858333333333334,0.2960291666666667,2.1666666666666665,2,1,5
2012-05-09,4717,0.5750000000000001,0.7441666666666666,0.2164125,2.375,2,1,5
2012-05-10,6572,0.5058333333333334,0.5520833333333334,0.31406249999999997,1.1666666666666667,2,1,5
2012-05-11,7030,0.5333333333333333,0.36041666666666666,0.2369375,1.0,2,1,5
2012-05-12,7429,0.5641666666666667,0.48041666666666666,0.12313333333333333,1.2083333333333333,2,1,5
2012-05-13,6118,0.6125,0.57625,0.22511666666666666,1.4166666666666667,2,1,5
2012-05-14,2843,0.5733333333333334,0.7895833333333333,0.21269166666666664,2.2916666666666665,2,1,5
2012-05-15,5115,0.6116666666666667,0.7945833333333333,0.14739166666666667,2.0833333333333335,2,1,5
2012-05-16,7424,0.6366666666666666,0.6979166666666666,0.12251250000000001,1.1666666666666667,2,1,5
2012-05-17,7384,0.5933333333333334,0.52,0.229475,1.0,2,1,5
2012-05-18,7639,0.5641666666666667,0.5233333333333333,0.13681666666666667,1.0,2,1,5
2012-05-19,8294,0.6,0.45625,0.08397500000000001,1.0,2,1,5
2012-05-20,7129,0.6208333333333333,0.5304166666666666,0.2543666666666667,1.125,2,1,5
2012-05-21,4359,0.5983333333333333,0.8112499999999999,0.23320416666666666,2.2916666666666665,2,1,5
2012-05-22,6073,0.615,0.7658333333333333,0.11816666666666666,1.7083333333333333,2,1,5
2012-05-23,5260,0.6216666666666667,0.7745833333333333,0.102,1.7916666666666667,2,1,5
2012-05-24,6770,0.6549999999999999,0.7166666666666667,0.17289583333333333,1.375,2,1,5
2012-05-25,6734,0.68,0.7470833333333333,0.14054999999999998,1.3333333333333333,2,1,5
2012-05-26,6536,0.6925,0.7325,0.19899166666666668,1.25,2,1,5
2012-05-27,6591,0.69,0.6970833333333334,0.21517083333333334,1.2916666666666667,2,1,5
2012-05-28,6043,0.7125,0.67625,0.19652083333333334,1.0416666666666667,2,1,5
2012-05-29,5743,0.7225,0.6845833333333333,0.2954,1.2916666666666667,2,1,5
2012-05-30,6855,0.6566666666666666,0.6699999999999999,0.13432916666666667,1.75,2,1,5
2012-05-31,7338,0.68,0.49291666666666667,0.19527916666666667,1.0,2,1,5
2012-06-01,4127,0.6541666666666667,0.7554166666666666,0.2375625,2.2916666666666665,2,1,6
2012-06-02,8120,0.5833333333333334,0.5491666666666667,0.1865625,1.1666666666666667,2,1,6
2012-06-03,7641,0.6025,0.49333333333333335,0.1840875,1.0,2,1,6
2012-06-04,6998,0.5975,0.4870833333333333,0.2848333333333333,1.125,2,1,6
2012-06-05,7001,0.5408333333333334,0.6133333333333334,0.20957499999999998,1.7083333333333333,2,1,6
2012-06-06,7055,0.5541666666666667,0.61125,0.077125,1.0833333333333333,2,1,6
2012-06-07,7494,0.6024999999999999,0.5670833333333333,0.15735000000000002,1.0,2,1,6
2012-06-08,7736,0.6491666666666667,0.4679166666666667,0.17538333333333334,1.0,2,1,6
2012-06-09,7498,0.7108333333333333,0.4370833333333333,0.14428749999999999,1.0,2,1,6
2012-06-10,6598,0.7266666666666667,0.5383333333333333,0.13372083333333332,1.0,2,1,6
2012-06-11,6664,0.7208333333333333,0.5879166666666666,0.2077125,1.5,2,1,6
2012-06-12,4972,0.6533333333333333,0.8333333333333334,0.21454583333333332,2.2083333333333335,2,1,6
2012-06-13,7421,0.6558333333333334,0.5820833333333333,0.34327916666666664,1.3333333333333333,2,1,6
2012-06-14,7363,0.6483333333333333,0.5695833333333333,0.2537333333333333,1.2916666666666667,2,1,6
2012-06-15,7665,0.6391666666666667,0.5895833333333333,0.17661666666666667,1.0,2,1,6
2012-06-16,7702,0.6316666666666667,0.5041666666666667,0.16666666666666666,1.25,2,1,6
2012-06-17,6978,0.5925,0.59875,0.14490416666666667,1.0,2,1,6
2012-06-18,5099,0.5683333333333334,0.7779166666666666,0.17474583333333335,2.125,2,1,6
2012-06-19,6825,0.6883333333333334,0.69,0.14801666666666666,1.375,2,1,6
2012-06-20,6211,0.7825000000000001,0.5920833333333334,0.1138125,1.1666666666666667,2,1,6
2012-06-21,5905,0.8058333333333333,0.5679166666666666,0.1187875,1.0833333333333333,3,1,6
2012-06-22,5823,0.7775,0.57375,0.18284166666666668,1.4583333333333333,3,1,6
2012-06-23,7458,0.7316666666666666,0.5345833333333333,0.17972083333333333,1.1666666666666667,3,1,6
2012-06-24,6891,0.7433333333333333,0.4791666666666667,0.145525,1.1666666666666667,3,1,6
2012-06-25,6779,0.7158333333333333,0.5041666666666667,0.30038333333333334,1.0416666666666667,3,1,6
2012-06-26,7442,0.6308333333333334,0.37333333333333335,0.3476416666666667,1.0,3,1,6
2012-06-27,7335,0.6974999999999999,0.36000000000000004,0.27177500000000004,1.0,3,1,6
2012-06-28,6879,0.7491666666666666,0.42250000000000004,0.17165,1.0,3,1,6
2012-06-29,5463,0.8341666666666666,0.48875,0.16541666666666668,1.375,3,1,6
2012-06-30,5687,0.765,0.60125,0.16107083333333333,1.2916666666666667,3,1,6
2012-07-01,5531,0.8158333333333333,0.5187499999999999,0.16852916666666665,1.0833333333333333,3,1,7
2012-07-02,6227,0.7816666666666666,0.44708333333333333,0.19526666666666667,1.25,3,1,7
2012-07-03,6660,0.7808333333333333,0.4920833333333334,0.1262375,1.3333333333333333,3,1,7
2012-07-04,7403,0.7891666666666667,0.53875,0.13495,1.0416666666666667,3,1,7
2012-07-05,6241,0.8275,0.4579166666666667,0.19402916666666667,1.125,3,1,7
2012-07-06,6207,0.8283333333333333,0.45083333333333336,0.14614166666666667,1.0416666666666667,3,1,7
2012-07-07,4840,0.8616666666666667,0.4920833333333334,0.16355416666666667,1.0833333333333333,3,1,7
2012-07-08,4672,0.8225000000000001,0.57375,0.12562916666666665,1.2916666666666667,3,1,7
2012-07-09,6569,0.7108333333333333,0.6833333333333332,0.180975,2.0833333333333335,3,1,7
2012-07-10,6290,0.7208333333333333,0.6675,0.1517375,1.5,3,1,7
2012-07-11,7264,0.7166666666666667,0.6333333333333333,0.15173333333333333,1.375,3,1,7
2012-07-12,7446,0.7158333333333333,0.5295833333333333,0.14677500000000002,1.1666666666666667,3,1,7
2012-07-13,7499,0.7316666666666666,0.48583333333333334,0.08084999999999999,1.7916666666666667,3,1,7
2012-07-14,6969,0.7033333333333333,0.6991666666666667,0.14367916666666666,1.6666666666666667,3,1,7
2012-07-15,6031,0.7458333333333332,0.7179166666666666,0.16666666666666666,1.3333333333333333,3,1,7
2012-07-16,6830,0.7633333333333333,0.645,0.1641875,1.2916666666666667,3,1,7
2012-07-17,6786,0.8183333333333334,0.5058333333333334,0.11442916666666668,1.25,3,1,7
2012-07-18,5713,0.7933333333333333,0.5770833333333333,0.13744166666666666,1.1666666666666667,3,1,7
2012-07-19,6591,0.77,0.6004166666666667,0.16542916666666665,1.3333333333333333,3,1,7
2012-07-20,5870,0.6658333333333334,0.8441666666666666,0.20896666666666666,2.25,3,1,7
2012-07-21,4459,0.5958333333333333,0.8654166666666666,0.21330000000000002,2.5416666666666665,3,1,7
2012-07-22,7410,0.6675,0.7625000000000001,0.09392083333333334,1.5,3,1,7
2012-07-23,6966,0.7416666666666667,0.6941666666666667,0.13868333333333335,1.4583333333333333,3,1,7
2012-07-24,7592,0.7508333333333334,0.655,0.2114541666666667,1.1666666666666667,3,1,7
2012-07-25,8173,0.7241666666666666,0.45,0.1648,1.0,3,1,7
2012-07-26,6861,0.7766666666666667,0.5966666666666667,0.28481249999999997,1.0833333333333333,3,1,7
2012-07-27,6904,0.7816666666666666,0.5945833333333334,0.15299166666666666,1.0,3,1,7
2012-07-28,6685,0.7558333333333334,0.6133333333333333,0.15735000000000002,1.0,3,1,7
2012-07-29,6597,0.7216666666666667,0.62375,0.17039583333333333,1.0,3,1,7
2012-07-30,7105,0.7308333333333333,0.6687500000000001,0.15361666666666665,1.25,3,1,7
2012-07-31,7216,0.7133333333333334,0.7041666666666666,0.16542500000000002,1.2083333333333333,3,1,7
2012-08-01,7580,0.7174999999999999,0.6775000000000001,0.14117916666666666,1.2916666666666667,3,1,8
2012-08-02,7261,0.7525,0.6595833333333333,0.12935416666666666,1.0,3,1,8
2012-08-03,7175,0.7658333333333333,0.6425,0.2157916666666667,1.5,3,1,8
2012-08-04,6824,0.7933333333333333,0.6133333333333334,0.25745833333333334,1.0,3,1,8
2012-08-05,5464,0.7691666666666667,0.6525,0.2904208333333333,1.125,3,1,8
2012-08-06,7013,0.7525,0.6541666666666667,0.12935416666666666,1.5,3,1,8
2012-08-07,7273,0.7358333333333333,0.70375,0.11690833333333334,1.6666666666666667,3,1,8
2012-08-08,7534,0.75,0.6729166666666666,0.1107,1.5833333333333333,3,1,8
2012-08-09,7286,0.7558333333333334,0.6204166666666667,0.1561,1.25,3,1,8
2012-08-10,5786,0.7158333333333333,0.7158333333333333,0.2388125,1.6666666666666667,3,1,8
2012-08-11,6299,0.6925,0.7329166666666667,0.20647916666666666,1.625,3,1,8
2012-08-12,6544,0.7008333333333333,0.5304166666666666,0.12251250000000001,1.0416666666666667,3,1,8
2012-08-13,6883,0.7208333333333333,0.5454166666666667,0.1362125,1.125,3,1,8
2012-08-14,6784,0.7266666666666667,0.6866666666666666,0.16915833333333333,1.4583333333333333,3,1,8
2012-08-15,7347,0.7066666666666667,0.6195833333333333,0.16977083333333334,1.2916666666666667,3,1,8
2012-08-16,7605,0.7191666666666667,0.5191666666666667,0.14179583333333332,1.0,3,1,8
2012-08-17,7148,0.7233333333333333,0.5708333333333333,0.23135416666666667,1.375,3,1,8
2012-08-18,7865,0.6783333333333333,0.6033333333333334,0.17786666666666665,1.2083333333333333,3,1,8
2012-08-19,4549,0.6358333333333334,0.7116666666666666,0.08645000000000001,2.125,3,1,8
2012-08-20,6530,0.6358333333333334,0.7341666666666667,0.12997916666666667,1.5833333333333333,3,1,8
2012-08-21,7006,0.6491666666666667,0.67375,0.07277083333333334,1.2083333333333333,3,1,8
2012-08-22,7375,0.6675,0.6770833333333334,0.07028333333333332,1.2916666666666667,3,1,8
2012-08-23,7765,0.6958333333333333,0.6358333333333334,0.08459583333333333,1.25,3,1,8
2012-08-24,7582,0.7025,0.615,0.07214583333333334,1.8333333333333333,3,1,8
2012-08-25,6053,0.6616666666666667,0.7129166666666666,0.24440833333333334,2.0,3,1,8
2012-08-26,5255,0.6533333333333333,0.8458333333333333,0.22885833333333336,1.5416666666666667,3,1,8
2012-08-27,6917,0.7033333333333333,0.7304166666666667,0.12873333333333334,1.0,3,1,8
2012-08-28,7040,0.7283333333333334,0.62,0.190925,1.2083333333333333,3,1,8
2012-08-29,7697,0.685,0.5520833333333334,0.11256250000000001,1.0,3,1,8
2012-08-30,7713,0.7066666666666667,0.5904166666666667,0.07711666666666667,1.0,3,1,8
2012-08-31,7350,0.7641666666666667,0.5875,0.16853333333333334,1.125,3,1,8
2012-09-01,6140,0.7533333333333333,0.6383333333333333,0.1131875,1.7916666666666667,3,1,9
2012-09-02,5810,0.6966666666666667,0.815,0.06407083333333334,1.7916666666666667,3,1,9
2012-09-03,6034,0.7075,0.7908333333333334,0.15112083333333334,1.4166666666666667,3,1,9
2012-09-04,6864,0.7258333333333334,0.755,0.2363208333333333,1.375,3,1,9
2012-09-05,7112,0.7366666666666667,0.74125,0.18780833333333333,1.1666666666666667,3,1,9
2012-09-06,6203,0.6966666666666667,0.8104166666666667,0.14242083333333333,1.6666666666666667,3,1,9
2012-09-07,7504,0.7033333333333333,0.7362500000000001,0.17164583333333336,1.0,3,1,9
2012-09-08,5976,0.6591666666666667,0.7991666666666667,0.28110416666666665,1.7916666666666667,3,1,9
2012-09-09,8227,0.61,0.5475,0.22449583333333334,1.0416666666666667,3,1,9
2012-09-10,7525,0.5833333333333334,0.50375,0.2587125,1.0,3,1,9
2012-09-11,7767,0.5775,0.52,0.09205416666666666,1.0,3,1,9
2012-09-12,7870,0.5991666666666667,0.5770833333333333,0.13184583333333333,1.0,3,1,9
2012-09-13,7804,0.6124999999999999,0.6370833333333333,0.08272083333333334,1.0,3,1,9
2012-09-14,8009,0.6333333333333334,0.6725,0.10386250000000001,1.4166666666666667,3,1,9
2012-09-15,8714,0.6083333333333333,0.5016666666666666,0.24752083333333333,1.2083333333333333,3,1,9
2012-09-16,7333,0.58,0.57,0.09018333333333334,1.0,3,1,9
2012-09-17,6869,0.5808333333333333,0.7345833333333333,0.15174166666666666,1.6666666666666667,3,1,9
2012-09-18,4073,0.6233333333333334,0.8725,0.3575875,2.4166666666666665,3,1,9
2012-09-19,7591,0.5525,0.5366666666666667,0.215175,1.25,3,1,9
2012-09-20,7720,0.5466666666666667,0.6183333333333333,0.11816666666666666,1.0,3,1,9
2012-09-21,8167,0.5991666666666667,0.6687500000000001,0.15422916666666667,1.0,3,1,9
2012-09-22,8395,0.65,0.6466666666666666,0.28358333333333335,1.0,3,1,9
2012-09-23,7907,0.5291666666666667,0.46708333333333335,0.22325833333333334,1.0833333333333333,4,1,9
2012-09-24,7436,0.5141666666666667,0.49291666666666667,0.14240416666666667,1.0416666666666667,4,1,9
2012-09-25,7538,0.5499999999999999,0.57,0.23632083333333334,1.0,4,1,9
2012-09-26,7733,0.635,0.6308333333333334,0.24439999999999998,1.2083333333333333,4,1,9
2012-09-27,7393,0.65,0.6908333333333333,0.13434166666666666,1.6666666666666667,4,1,9
2012-09-28,7415,0.6191666666666666,0.69,0.16417916666666665,2.2083333333333335,4,1,9
2012-09-29,8555,0.5425,0.5429166666666667,0.2276041666666667,1.0833333333333333,4,1,9
2012-09-30,6889,0.5266666666666667,0.5833333333333334,0.13495833333333332,1.1666666666666667,4,1,9
2012-10-01,6778,0.5208333333333334,0.6491666666666667,0.09080416666666667,1.7916666666666667,4,1,10
2012-10-02,4639,0.5908333333333333,0.8716666666666666,0.104475,2.5833333333333335,4,1,10
2012-10-03,7572,0.6575,0.7937500000000001,0.06654583333333333,1.75,4,1,10
2012-10-04,7328,0.6575,0.7229166666666668,0.11754583333333334,1.625,4,1,10
2012-10-05,8156,0.615,0.6275000000000001,0.10635,1.0,4,1,10
2012-10-06,7965,0.5541666666666667,0.6641666666666667,0.268025,1.0833333333333333,4,1,10
2012-10-07,3510,0.41583333333333333,0.7083333333333334,0.1411625,2.0,4,1,10
2012-10-08,5478,0.3833333333333333,0.7095833333333333,0.18967916666666665,1.875,4,1,10
2012-10-09,6392,0.4466666666666667,0.7616666666666667,0.1903,2.125,4,1,10
2012-10-10,7691,0.5141666666666667,0.6308333333333334,0.18782083333333333,1.375,4,1,10
2012-10-11,7570,0.435,0.4633333333333333,0.18159583333333332,1.0,4,1,10
2012-10-12,7282,0.4375,0.5391666666666667,0.23509166666666667,1.0,4,1,10
2012-10-13,7109,0.3933333333333333,0.4945833333333333,0.14614166666666667,1.0,4,1,10
2012-10-14,6639,0.5216666666666666,0.6404166666666666,0.2786125,1.0833333333333333,4,1,10
2012-10-15,5875,0.5616666666666666,0.7075,0.2960375,1.9166666666666667,4,1,10
2012-10-16,7534,0.4683333333333333,0.5583333333333333,0.18222083333333336,1.0416666666666667,4,1,10
2012-10-17,7461,0.4558333333333333,0.6929166666666666,0.10137083333333334,1.375,4,1,10
2012-10-18,7509,0.5225000000000001,0.7283333333333334,0.2369375,1.5416666666666667,4,1,10
2012-10-19,5424,0.5633333333333334,0.815,0.13495416666666668,1.75,4,1,10
2012-10-20,8090,0.4841666666666667,0.5729166666666666,0.1175375,1.0,4,1,10
2012-10-21,6824,0.46416666666666667,0.51,0.16605416666666667,1.0,4,1,10
2012-10-22,7058,0.4875,0.5683333333333334,0.08148333333333334,1.0,4,1,10
2012-10-23,7466,0.5441666666666667,0.6416666666666667,0.09454583333333333,1.2083333333333333,4,1,10
2012-10-24,7693,0.5875,0.63625,0.07277916666666666,1.3333333333333333,4,1,10
2012-10-25,7359,0.55,0.8004166666666667,0.124375,1.6666666666666667,4,1,10
2012-10-26,7444,0.5458333333333333,0.8070833333333334,0.13246666666666668,1.9583333333333333,4,1,10
2012-10-27,7852,0.53,0.7200000000000001,0.23569166666666666,1.5833333333333333,4,1,10
2012-10-28,4459,0.4775,0.6945833333333332,0.39800833333333335,2.375,4,1,10
2012-10-29,22,0.44,0.88,0.3582,3.0,4,1,10
2012-10-30,1096,0.3181818181818182,0.8254545454545454,0.21300909090909093,2.3636363636363638,4,1,10
2012-10-31,5566,0.3575,0.6666666666666666,0.16666666666666666,1.625,4,1,10
2012-11-01,5986,0.3658333333333333,0.5816666666666667,0.15734583333333332,1.875,4,1,11
2012-11-02,5847,0.355,0.5220833333333333,0.266175,1.3333333333333333,4,1,11
2012-11-03,5138,0.3433333333333333,0.49124999999999996,0.27052916666666665,1.7083333333333333,4,1,11
2012-11-04,5107,0.32583333333333336,0.5329166666666667,0.17910833333333334,1.0416666666666667,4,1,11
2012-11-05,5259,0.31916666666666665,0.4941666666666667,0.236325,1.4166666666666667,4,1,11
2012-11-06,5686,0.2808333333333333,0.5670833333333333,0.1735125,1.125,4,1,11
2012-11-07,5035,0.29583333333333334,0.5475,0.30410833333333337,2.0833333333333335,4,1,11
2012-11-08,5315,0.3521739130434782,0.3334782608695652,0.34783478260869566,1.3043478260869565,4,1,11
2012-11-09,5992,0.36166666666666664,0.5408333333333334,0.21455833333333332,1.0,4,1,11
2012-11-10,6536,0.38916666666666666,0.6454166666666666,0.05784583333333334,1.0,4,1,11
2012-11-11,6852,0.42083333333333334,0.6591666666666667,0.1275,1.0,4,1,11
2012-11-12,6269,0.48500000000000004,0.7416666666666667,0.17351666666666665,1.1666666666666667,4,1,11
2012-11-13,4094,0.3433333333333333,0.6629166666666667,0.3420458333333333,1.7916666666666667,4,1,11
2012-11-14,5495,0.2891666666666667,0.5520833333333334,0.19962500000000002,1.0,4,1,11
2012-11-15,5445,0.32166666666666666,0.6204166666666667,0.1529875,1.9583333333333333,4,1,11
2012-11-16,5698,0.345,0.5245833333333333,0.17102499999999998,1.375,4,1,11
2012-11-17,5629,0.325,0.5454166666666667,0.1797291666666667,1.1666666666666667,4,1,11
2012-11-18,4669,0.3425,0.6929166666666666,0.2276125,1.25,4,1,11
2012-11-19,5499,0.38083333333333336,0.6233333333333334,0.23506666666666665,1.7083333333333333,4,1,11
2012-11-20,5634,0.3741666666666667,0.685,0.082725,1.7083333333333333,4,1,11
2012-11-21,5146,0.35333333333333333,0.61375,0.10324583333333333,1.0416666666666667,4,1,11
2012-11-22,2425,0.34,0.5804166666666667,0.05287083333333333,1.0,4,1,11
2012-11-23,3910,0.36833333333333335,0.56875,0.14802083333333335,1.1666666666666667,4,1,11
2012-11-24,2277,0.2783333333333333,0.4045833333333333,0.3768708333333333,1.25,4,1,11
2012-11-25,2424,0.24583333333333335,0.4683333333333333,0.1505,1.375,4,1,11
2012-11-26,5087,0.31333333333333335,0.5354166666666667,0.04665,1.0416666666666667,4,1,11
2012-11-27,3959,0.2916666666666667,0.7866666666666666,0.2375625,2.1666666666666665,4,1,11
2012-11-28,5260,0.2966666666666667,0.50625,0.21082083333333335,1.3333333333333333,4,1,11
2012-11-29,5323,0.2808695652173913,0.5556521739130434,0.11552173913043479,1.0,4,1,11
2012-11-30,5668,0.29833333333333334,0.6495833333333333,0.05847083333333333,1.375,4,1,11
2012-12-01,5191,0.29833333333333334,0.8066666666666666,0.05970416666666667,1.75,4,1,12
2012-12-02,4649,0.3475,0.8233333333333334,0.12437916666666667,1.9166666666666667,4,1,12
2012-12-03,6234,0.45249999999999996,0.7675000000000001,0.08272083333333334,1.125,4,1,12
2012-12-04,6606,0.47583333333333333,0.73375,0.17412916666666667,1.4583333333333333,4,1,12
2012-12-05,5729,0.4383333333333333,0.48500000000000004,0.32402083333333337,1.2916666666666667,4,1,12
2012-12-06,5375,0.2558333333333333,0.50875,0.17475416666666665,1.0833333333333333,4,1,12
2012-12-07,5008,0.32083333333333336,0.7641666666666667,0.1306,1.9583333333333333,4,1,12
2012-12-08,5582,0.38166666666666665,0.91125,0.10137916666666667,1.7916666666666667,4,1,12
2012-12-09,3228,0.3841666666666667,0.9054166666666666,0.157975,2.4583333333333335,4,1,12
2012-12-10,5170,0.43583333333333335,0.9249999999999999,0.19030833333333333,2.0416666666666665,4,1,12
2012-12-11,5501,0.35333333333333333,0.5966666666666667,0.2960375,1.6666666666666667,4,1,12
2012-12-12,5319,0.29750000000000004,0.5383333333333333,0.16293749999999999,1.7083333333333333,4,1,12
2012-12-13,5532,0.29583333333333334,0.48583333333333334,0.17412916666666667,1.25,4,1,12
2012-12-14,5611,0.2816666666666667,0.6429166666666667,0.13122916666666667,1.0,4,1,12
2012-12-15,5047,0.32416666666666666,0.6504166666666666,0.10635,1.375,4,1,12
2012-12-16,3786,0.3625,0.83875,0.10074166666666667,2.0416666666666665,4,1,12
2012-12-17,4585,0.3933333333333333,0.9070833333333334,0.09825833333333334,2.125,4,1,12
2012-12-18,5557,0.41083333333333333,0.66625,0.22140416666666665,1.2083333333333333,4,1,12
2012-12-19,5267,0.3325,0.6254166666666666,0.18409166666666665,1.0,4,1,12
2012-12-20,4128,0.33,0.6679166666666667,0.1324625,2.0833333333333335,4,1,12
2012-12-21,3623,0.32666666666666666,0.5566666666666666,0.37438333333333335,1.9166666666666667,1,1,12
2012-12-22,1749,0.2658333333333333,0.44125,0.4073458333333333,1.0,1,1,12
2012-12-23,1787,0.24583333333333335,0.5154166666666666,0.13308333333333333,1.0,1,1,12
2012-12-24,920,0.23130434782608697,0.7913043478260869,0.0772304347826087,2.0434782608695654,1,1,12
2012-12-25,1013,0.29130434782608694,0.7347826086956522,0.16872608695652175,1.7826086956521738,1,1,12
2012-12-26,441,0.24333333333333332,0.8233333333333334,0.31654583333333336,2.625,1,1,12
2012-12-27,2114,0.25416666666666665,0.6529166666666667,0.35013333333333335,1.6666666666666667,1,1,12
2012-12-28,3095,0.25333333333333335,0.59,0.15547083333333334,1.7083333333333333,1,1,12
2012-12-29,1341,0.25333333333333335,0.7529166666666667,0.12438333333333333,2.0416666666666665,1,1,12
2012-12-30,1796,0.25583333333333336,0.48333333333333334,0.35075416666666664,1.3333333333333333,1,1,12
2012-12-31,2729,0.21583333333333332,0.5775,0.15484583333333332,1.5,1,1,12
